Experiment,Dataset,m,Time(us)
matrixproduct,2,5,4
matrixproductoptimized,2,5,4
strassen,2,5,425
matrixproduct,3,10,25
matrixproductoptimized,3,10,23
strassen,3,10,1627
matrixproduct,4,15,75
matrixproductoptimized,4,15,64
strassen,4,15,1805
matrixproduct,5,20,226
matrixproductoptimized,5,20,152
strassen,5,20,11054
matrixproduct,6,25,207
matrixproductoptimized,6,25,154
strassen,6,25,10542
matrixproduct,7,30,515
matrixproductoptimized,7,30,253
strassen,7,30,8093
matrixproduct,8,35,526
matrixproductoptimized,8,35,393
strassen,8,35,58199
matrixproduct,9,40,1328
matrixproductoptimized,9,40,533
strassen,9,40,49357
matrixproduct,10,45,1144
matrixproductoptimized,10,45,841
strassen,10,45,52670
matrixproduct,11,50,2306
matrixproductoptimized,11,50,2311
strassen,11,50,65894
matrixproduct,12,55,2379
matrixproductoptimized,12,55,1537
strassen,12,55,53856
matrixproduct,13,60,2661
matrixproductoptimized,13,60,1756
strassen,13,60,53596
matrixproduct,14,65,3052
matrixproductoptimized,14,65,2401
strassen,14,65,467341
matrixproduct,15,70,4694
matrixproductoptimized,15,70,4001
strassen,15,70,357355
matrixproduct,16,75,7031
matrixproductoptimized,16,75,7741
strassen,16,75,358351
matrixproduct,17,80,5261
matrixproductoptimized,17,80,3927
strassen,17,80,307290
matrixproduct,18,85,7227
matrixproductoptimized,18,85,4817
strassen,18,85,376986
matrixproduct,19,90,9086
matrixproductoptimized,19,90,5944
strassen,19,90,378382
matrixproduct,20,95,10571
matrixproductoptimized,20,95,7491
strassen,20,95,414198